Date,Ta (°C),Tm (°C),P (kW),I (W/m2)
2012-03-06,11.9885,10.363666666666663,3520.2019859649126,4292.835032631579
2012-03-07,12.479583333333334,11.294916666666666,2761.098919696971,3218.478295515152
2012-03-08,13.317083333333333,12.759666666666664,2842.977533333333,3436.528604
2012-03-09,13.788,13.775749999999999,2227.8780499999993,2517.6619506666666
2012-03-10,12.635583333333333,12.25375,1980.8391666666666,2227.510064
2012-03-11,12.651083333333332,13.095500000000001,2778.3991666666666,3290.9034053333335
2012-03-12,10.343333333333334,9.842283333333333,3959.697766666666,4569.751429333333
2012-03-13,11.25,11.156999999999998,5117.550799999999,6265.0202733333335
2012-03-14,13.958416666666665,16.07625,3290.25875,4189.114311999999
2012-03-15,13.596333333333334,11.588166666666666,5225.554316666667,6537.550392
2012-03-16,13.358541666666667,11.760783333333332,5123.3493371829,6504.699738456988
2012-03-17,16.449833333333334,21.857666666666663,4553.764564855073,5602.275122405797
2012-03-18,16.658666666666665,20.92758333333333,3398.7438333333334,4234.127002666667
2012-03-19,16.69408333333333,17.2025,4774.039433333333,5894.954897333333
2012-03-20,16.26706666666667,18.891033333333333,4570.272994212394,5809.54042951315
2012-03-21,14.205874999999999,15.169791666666665,4791.713558333333,5924.049031999999
2012-03-22,15.437833333333336,14.881333333333332,4203.631602259888,5267.266987593221
2012-03-23,17.344916666666666,17.639166666666668,3405.3558666666677,4085.0977053333336
2012-03-24,16.691333333333333,18.903666666666666,4157.086333333335,5122.317542666666
2012-03-25,16.292416666666664,17.590416666666666,4609.1712,5813.436668
2012-03-26,16.9565,17.988333333333333,5263.9677111111105,6690.9141973333335
2012-03-27,17.330166666666667,20.98875,5482.284683333333,6937.055920000001
2012-03-28,16.472999999999995,17.546666666666663,5914.458433333334,7500.986652000001
2012-03-29,17.388166666666667,16.120166666666666,5877.142266666667,7502.925722666666
2012-03-30,18.67833333333333,19.1725,5546.33906818182,7293.003353582888
2012-03-31,17.996166666666667,20.717583333333334,2392.949338617886,3050.0952919837396
2012-04-01,17.9265,28.21083333333333,3578.5870470588243,4601.147497490196
2012-04-02,17.02125,23.396166666666666,5600.914814949373,7195.524456882364
2012-04-03,16.4414,15.281583333333332,1683.4788833333337,2197.3711639999997
2012-04-04,18.704833333333333,18.50325,3125.8374499999995,3893.270730666666
2012-04-05,16.715666666666664,15.385216666666668,947.2864859767892,1062.7350297304965
2012-04-06,19.00475,23.723416666666665,5171.089650000001,6559.421544000001
2012-04-07,16.86658333333333,17.209833333333332,1813.4610166666666,2055.7447613333334
2012-04-08,13.613916666666668,12.866333333333333,2885.50705,3472.8029813333333
2012-04-09,8.43425,7.666166666666667,2393.2270166666667,2793.9387040000006
2012-04-10,13.053916666666666,16.227833333333333,6155.0310477777775,7633.3432257185195
2012-04-11,14.66983333333333,14.60025,2006.6236666666666,2289.1099386666665
2012-04-12,18.27616666666667,24.427166666666665,5890.993645833333,7462.005629999999
2012-04-13,15.285,14.847666666666669,1383.1226666666664,1517.2866346666667
2012-04-14,14.93,14.293500000000002,3368.9760298185943,4016.876690104308
2012-04-15,17.661833333333334,22.252750000000002,5709.660199999999,7016.40168
2012-04-16,14.690666666666669,13.952750000000002,1857.6548666666665,2129.7924199999998
2012-04-17,15.284083333333333,17.280416666666667,4033.9218166666665,4865.949857333334
2012-04-18,15.066666666666668,18.37,4255.752716666667,5080.337536
2012-04-19,16.3435,16.872083333333336,3143.4098999999997,3674.2619186666666
2012-04-20,16.189,18.098,4796.407883333333,5910.624541333333
2012-04-21,15.331333333333331,22.988833333333336,2430.2243666666664,3051.876224
2012-04-22,17.747333333333334,14.576500000000005,1095.011698809524,1393.1646350476192
2012-04-23,16.49183333333333,16.298833333333334,2492.620818807852,2809.5183675633084
2012-04-24,20.794333333333334,26.205833333333338,5947.552993137255,7422.245958117646
2012-04-25,19.751416666666664,21.861083333333337,5811.7742333333335,7310.673722980392
2012-04-26,20.1815,26.79025,6081.50015,7788.419489333332
2012-04-27,21.030833333333334,24.739466666666665,6112.827441666666,7842.367335115942
2012-04-28,21.420499999999997,26.987333333333332,5993.330249275363,7728.137332289854
2012-04-29,23.777,29.311083333333336,5918.581827536232,7674.700337623189
2012-04-30,25.06758333333333,31.852166666666662,5168.053337681159,6582.457682666667
2012-05-01,24.45408333333333,30.614166666666662,6017.542914492754,7884.540170260869
2012-05-02,24.10091666666667,27.859166666666667,5848.904022463768,7594.905943072465
2012-05-03,23.041249999999998,26.777083333333337,5951.882655797102,7646.743338260869
2012-05-04,22.98558333333333,28.498583333333336,5986.328149999999,7787.908587536233
2012-05-05,23.584249999999997,31.44875,5970.810525177306,7862.401412624114
2012-05-06,23.556916666666666,32.528333333333336,5885.213724113476,7661.772188312056
2012-05-07,22.27475,24.337333333333337,3165.865371276596,3829.8447273758875
2012-05-08,22.136333333333333,25.591749999999998,6029.458611702127,7867.876191971633
2012-05-09,21.95858333333333,26.70525,5587.944560144927,7147.460912579711
2012-05-10,23.857583333333338,27.615000000000002,6140.925260869565,8010.843619072463
2012-05-11,25.21,28.688500000000005,5998.585279710145,7863.92083715942
2012-05-12,26.388,30.36425,5952.649873266045,7803.259928120082
2012-05-13,27.403416666666665,36.94591666666667,5647.152967295598,7524.878981735849
2012-05-14,16.80783333333333,15.572333333333333,1629.6993507702125,1899.422485479051
2012-05-15,16.74975,17.792499999999997,2585.8162152173913,3130.37121710145
2012-05-16,21.45075,29.21441666666667,6292.947466666667,8028.273938666666
2012-05-17,14.956,17.796416666666666,4205.091737681159,5149.192766782609
2012-05-18,19.05625,22.23125,6541.968352173913,8483.054060405797
2012-05-19,20.890774999999998,25.672833333333333,6535.321647174474,8289.868545082425
2012-05-20,22.379166666666663,29.092250000000007,5500.1542375,6955.318056666666
2012-05-21,24.226416666666665,30.809666666666665,5362.464695833333,6892.7043546666655
2012-05-22,21.284833333333335,27.325916666666668,6252.239858333332,7894.683103
2012-05-23,20.494416666666666,23.45133333333333,3538.0498666666667,4493.707291666667
2012-05-24,21.305,25.32341666666667,5356.2622875,6715.640540333333
2012-05-25,24.155166666666666,28.360333333333333,5857.564820833334,7566.205471999999
2012-05-26,21.566000000000003,23.610416666666666,4565.295691666667,5794.916218333334
2012-05-27,20.717416666666665,23.469833333333334,4082.6974199947585,5032.7068364863735
2012-05-28,21.724333333333334,24.940083333333334,5438.478993115041,6798.7997260760785
2012-05-29,23.0925,33.03325,6018.542868627451,7563.972135843138
2012-05-30,24.021166666666666,35.42866666666666,5965.026420588236,7562.854942117647
2012-05-31,20.865085722225643,23.043219584249087,3827.8359843526137,5019.833634760245
2012-06-01,27.701083333333333,35.300749999999994,5955.465930833333,7623.7655817999985
2012-06-02,27.067,37.003083333333336,6298.460200943395,8080.388775320755
2012-06-03,28.530416666666667,37.89566666666667,6392.736238993711,8200.044349157233
2012-06-04,25.403550000000003,28.85471666666667,5516.793288326248,7062.17886577085
2012-06-05,22.262999999999998,23.50358333333333,4439.049891666667,5595.774961
2012-06-06,24.315166666666663,31.011499999999998,5887.818881632654,7436.2464971972795
2012-06-07,27.986416666666663,40.50875,6093.222472619048,7874.232340258504
2012-06-08,31.507333333333328,42.95591666666667,6143.548023529412,8055.637072235294
2012-06-09,33.96725,42.95583333333333,5745.821776470588,7337.484594980391
2012-06-10,32.20191666666666,43.4015,6190.85968627451,8126.794264862746
2012-06-11,30.450016666666663,38.16441666666667,5193.002488077489,6651.556777424027
2012-06-12,32.149,40.97566666666667,6264.287179166666,8121.966181333333
2012-06-13,30.27208333333333,37.30200000000001,6264.603654166666,8240.218968
2012-06-14,27.533250000000002,32.626000000000005,6552.169212499999,8517.568219666668
2012-06-15,27.940999999999995,30.921583333333334,6186.7301285213525,7960.188617137107
2012-06-16,28.0615,31.502166666666664,6552.450329179332,8471.312187116517
2012-06-17,29.649583333333332,34.25508333333333,6409.990223333334,8319.181427733332
2012-06-18,29.747499999999995,35.18333333333333,6352.788081632654,8315.921117578231
2012-06-19,30.873166666666666,35.4975,6274.864837414966,8179.231296653062
2012-06-20,32.47516666666667,37.91966666666667,6059.487024286549,7928.562514014607
2012-06-21,35.5,44.601400000000005,6284.1966484501345,8318.18080059479
2012-06-22,35.30591666666666,36.355333333333334,5276.954338235295,7025.386804
2012-06-23,31.63158333333333,36.264250000000004,6103.638406862745,7997.1877632156875
2012-06-24,32.419916666666666,36.77641666666667,6030.899582296919,7881.285794429131
2012-06-25,31.459,40.66175,5904.451981481481,7805.457157185185
2012-06-26,31.7485,37.70625,1542.6023740740739,7641.435939703703
2012-06-27,29.79808333333333,33.09368333333333,5136.425805434782,8250.41255884058
2012-06-28,30.222249999999995,36.425583333333336,6134.595292753624,8098.040000637681
2012-06-29,31.641,39.24841666666667,6050.989735504469,8027.467421088122
2012-06-30,33.90683333333334,40.80983333333333,5825.357722202188,7721.654188550162
2012-07-01,33.897666666666666,41.62483333333333,5896.750101360544,7856.888664761904
2012-07-02,35.36075,45.07833333333333,5595.39453,7457.743582666665
2012-07-03,34.05125,45.374750000000006,4990.737873850575,7773.289809733334
2012-07-04,36.0,45.642250000000004,7259.299455660374,9633.376459194971
2012-07-05,36.0,45.591,5980.778599999997,8087.732037333334
2012-07-06,33.047916666666666,40.95279166666667,5738.09211426025,7736.039800491979
2012-07-07,32.11541666666667,36.913250000000005,5237.289124829932,7069.669553632653
2012-07-08,32.94291666666666,37.5965,6018.761839795918,8164.135651183675
2012-07-09,35.069916666666664,41.73916666666666,5894.074785034014,8077.566528136054
2012-07-10,35.61291666666666,41.387166666666666,5385.776053061224,7400.520496734694
2012-07-11,35.700833333333335,43.74208333333334,5549.338702267574,7711.8710265759655
2012-07-12,36.44016666666667,46.39783333333333,5051.113591797926,6976.2301244266555
2012-07-13,35.03866666666666,43.91683333333334,4576.306533333333,6468.554283999999
2012-07-14,34.739999999999995,42.53516666666667,5688.239352173912,7885.247250028985
2012-07-15,36.589083333333335,44.79350000000001,5502.642031884058,7665.542229043479
2012-07-16,32.77083333333333,36.471999999999994,5869.961923913043,8020.660382144928
2012-07-17,28.472375,31.69675,5960.676167962611,8049.838182425381
2012-07-18,29.6605,33.290083333333335,5938.344240196079,8073.8758210980395
2012-07-19,30.493499999999997,35.535,5859.804783962264,7991.545754113207
2012-07-20,33.070416666666674,42.98083333333334,5661.940407783019,7856.433901113207
2012-07-21,36.51858333333334,49.114916666666666,5484.203906410256,7606.259875846154
2012-07-22,32.094833333333334,36.193999999999996,5490.80532327044,7592.204054339622
2012-07-23,27.780416666666667,31.91916666666667,3785.5052635220122,5008.540013056603
2012-07-24,24.675333333333334,26.060583333333334,3959.6255005747134,4612.559217655174
2012-07-25,28.148166666666665,37.72874999999999,4636.179331957344,5814.248078464397
2012-07-26,27.519250000000003,31.838500000000003,5951.725676124819,7613.590831055636
2012-07-27,28.87775,33.324,6167.911764835369,7841.412848125786
2012-07-28,30.329,36.02333333333334,6060.2075888888885,7819.707548
2012-07-29,33.81875,43.39258333333333,5520.781058695653,7202.804068115941
2012-07-30,33.199,38.44458333333333,6090.4270224637685,7865.642916038647
2012-07-31,25.224500000000003,26.67216666666667,1077.3030987421384,3032.833456
2012-08-01,30.192833333333333,34.806583333333336,5877.156233333332,7527.607197777778
2012-08-02,30.359,35.559250000000006,5837.747022222222,7548.305257894737
2012-08-03,30.608,50.89208333333333,628.9734290566038,6994.873875627672
2012-08-04,32.96191666666667,43.03175,5413.284930188679,7433.851845786165
2012-08-05,33.89983333333333,41.69608333333333,5681.571078616353,7395.416797584906
2012-08-06,33.178416666666664,42.08566666666667,5482.260172784448,7086.0992909616925
2012-08-07,32.992000000000004,37.33691666666667,5638.558601449276,7165.550263652173
2012-08-08,33.64316666666667,36.410583333333335,5684.6554934782625,7305.293651014492
2012-08-09,30.99425,35.02483333333333,5949.347031884058,7626.513250202899
2012-08-10,30.275916666666667,34.03183333333333,5798.916400354608,7337.737681021277
2012-08-11,28.041249999999998,29.284166666666668,4967.8652304457955,6269.971030435664
2012-08-12,29.14675,33.6435,5844.991595833333,7438.826138999999
2012-08-13,29.612833333333334,36.80558333333333,4938.531743197279,6291.265396136054
2012-08-14,26.005499999999998,25.09616666666667,2182.827129019947,2695.189610647942
2012-08-15,29.371666666666666,35.652833333333334,4973.32902037037,6450.153004148148
2012-08-16,31.18208333333333,38.37349999999999,5487.53503939394,7121.421665575757
2012-08-17,30.27375,34.50516666666667,5699.143398148147,7285.1091799999995
2012-08-18,30.733999999999998,33.40725,5592.680951851853,7143.2501133333335
2012-08-19,27.133249999999997,27.018,4197.1941,5366.241154666666
2012-08-20,29.695833333333333,31.73608333333333,5459.963875925926,6988.789581333333
2012-08-21,29.74983333333333,32.99208333333333,5464.00512962963,7057.606641333334
2012-08-22,31.816166666666668,38.39983333333333,4680.507383333334,7125.503757333333
2012-08-23,33.08558333333333,39.470499999999994,5314.466014814814,6989.669669333333
2012-08-24,33.05375,40.693416666666664,4943.7738,6506.037998666667
2012-08-25,33.17175,38.89941666666667,5437.319100000001,7149.719870666667
2012-08-26,32.37375,37.897999999999996,5323.069249999999,6980.725800000001
2012-08-27,27.64458333333333,30.844249999999995,5736.04705,7237.332868
2012-08-28,27.21916666666667,29.527500000000003,5736.9925,7344.216073333333
2012-08-29,27.499416666666665,31.378416666666666,5108.384883333333,7211.085102666666
2012-08-30,28.89,34.504333333333335,5318.488168794326,6866.17255346383
2012-08-31,20.865085722225643,23.043219584249087,3827.8359843526137,5019.833634760245
2012-09-01,29.355916666666666,33.8425,5175.132066666665,6655.116086666667
2012-09-02,29.58833333333333,32.96158333333334,4494.46075,5739.207912000001
2012-09-03,30.085833333333333,34.73733333333334,4601.436720833333,5888.215530333333
2012-09-04,28.801583333333333,31.684583333333332,3240.0887833333336,4057.8192053333337
2012-09-05,28.141416666666665,32.42458333333333,5036.669766666667,6710.944657333334
2012-09-06,26.199583333333333,27.462083333333332,4753.5241792940415,6162.158961338876
2012-09-07,27.24833333333333,29.0112,4914.431178121775,6334.754383310628
2012-09-08,27.602600000000002,33.71608333333334,4233.01706749409,5379.463917815603
2012-09-09,25.478,26.37441666666667,4853.7397666666675,6311.838089333334
2012-09-10,26.890749999999997,31.079,4567.755299999999,5983.274207999999
2012-09-11,21.689666666666664,21.584583333333335,3013.8279833333336,3782.3374679999997
2012-09-12,25.394416666666668,30.1995,4789.241233333334,6103.049316
2012-09-13,26.302999999999997,27.926166666666663,3464.2290500000004,4286.125796
2012-09-14,22.016916666666667,25.264166666666668,3697.376716666666,4486.528973061225
2012-09-15,21.478666666666665,20.8,3506.9020833333334,4246.638274666667
2012-09-16,22.899833333333333,24.436333333333334,4960.185383333333,6227.436622666667
2012-09-17,22.993916666666667,25.63283333333333,3464.226363333333,4202.058034666667
2012-09-18,23.38283333333333,24.983999999999998,4660.775433333333,5839.4197
2012-09-19,24.1495,28.37075,3925.5483525372574,4820.07145341192
2012-09-20,22.122166666666672,23.997499999999995,4231.694149999999,5327.625853333334
2012-09-21,19.700666666666663,21.438333333333333,5222.457433333333,6570.314298666666
2012-09-22,21.24383333333333,23.239166666666666,4920.975033333332,6327.423802666666
2012-09-23,23.96633333333333,27.005583333333334,4538.217883333334,5774.566609333333
2012-09-24,26.04333333333333,27.5805,4145.815733333333,5115.105214666666
2012-09-25,26.348583333333337,25.929583333333333,2877.680416666667,3587.7284568888886
2012-09-26,26.23525,27.907750000000004,3249.1895,4053.3323133333333
2012-09-27,26.37533333333333,28.027583333333336,4380.496483333333,5632.878917333333
2012-09-28,27.48141666666666,30.91375,4165.8765,5416.076994666666
2012-09-29,27.420250000000003,29.77641666666667,4218.369116666667,5466.809434666668
2012-09-30,27.204999999999995,28.25358333333333,4288.042416666666,5576.62766
2012-10-01,26.105583333333335,26.3635,3076.8453789473683,3950.327474385965
2012-10-02,24.000333333333334,25.26766666666667,2850.3540833333336,3708.8460906666674
2012-10-03,21.836,22.712666666666667,3191.4710999999998,4120.427125333334
2012-10-04,21.117666666666665,20.25633333333333,4014.1725333333334,5356.4908399999995
2012-10-05,20.03166666666667,19.234666666666666,2942.853818518188,3993.338643803802
2012-10-06,21.742166666666662,22.303874999999998,3738.0339,5016.068557333334
2012-10-07,22.061999999999998,21.881500000000003,3739.1072666666673,4903.758133333334
2012-10-08,21.952666666666666,21.759333333333334,3765.8614500000003,4817.931979999999
2012-10-09,20.707916666666662,20.726416666666665,2669.1593666666668,3433.3540106666674
2012-10-10,20.90208333333333,20.207916666666662,3109.557999999999,4108.196928
2012-10-11,21.18716666666667,20.178833333333333,2635.848339064559,3540.4348320685117
2012-10-12,20.35908333333333,20.88775,2539.9567333333334,3168.0746879999997
2012-10-13,19.257,18.9,987.3235333333334,1266.4392040000002
2012-10-14,22.4245,23.80558333333333,3841.1742666666664,4827.16208
2012-10-15,22.707916666666666,22.289916666666663,3060.901033333333,3692.948432
2012-10-16,21.061666666666667,20.727666666666664,1938.1519891154392,2395.715726894589
2012-10-17,18.842499999999998,17.261583333333334,3757.043383333333,4801.454864
2012-10-18,18.149833333333333,16.879166666666666,4139.653233333333,5263.299881333333
2012-10-19,18.662666666666667,17.647083333333335,4017.9274666666665,5139.514186666667
2012-10-20,19.047749999999997,17.677666666666667,3960.483933333334,4923.695076
2012-10-21,20.586166666666667,21.022500000000004,2414.2330619047616,3069.7057587482996
2012-10-22,18.769,18.153750000000002,3027.267362056737,3802.082195148936
2012-10-23,19.146516666666663,17.97586666666667,3164.7984504589494,4005.145011387388
2012-10-24,18.69633333333333,17.00216666666667,2654.9406666666664,3464.7972053333333
2012-10-25,17.993833333333335,16.479166666666664,2673.3817666666673,3415.337814666667
2012-10-26,19.3345,17.912916666666668,2357.268133333334,2998.8886733333334
2012-10-27,22.787208333333336,22.306900000000002,2070.6705791666664,2531.0659032380954
2012-10-28,20.647166666666667,18.701000000000004,1173.7044666666666,1431.3218693333333
2012-10-29,15.666083333333333,14.453,2992.8070666666663,3734.0853759999995
2012-10-30,13.05673333333333,10.504716666666667,3336.1705500000003,4228.082588
2012-10-31,17.088083333333334,18.8185,1069.0479333333335,1186.3763266666665
2012-11-01,19.773333333333337,19.559,3255.1213999999995,4109.349898666667
2012-11-02,17.97475,15.23575,3406.4162,4392.073212
2012-11-03,22.682,28.701,4136.651416666667,5218.4192373333335
2012-11-04,22.682,28.701,2956.1039999999985,3689.023680000002
2012-11-05,22.682,28.701,1939.3753666666655,2421.654790666668
2012-11-06,17.078999999999997,15.134749999999999,1895.4346,2329.2107
2012-11-07,15.497916666666665,13.883166666666668,1411.7312166666666,1683.188368
2012-11-08,14.19725,11.450666666666667,2887.081083333333,4429.742770666667
2012-11-09,13.957666666666668,11.281833333333333,3100.238731086729,4040.059544568443
2012-11-10,14.069166666666668,10.810916666666667,3104.7066666666665,4039.9827733333336
2012-11-11,17.755000000000003,15.602333333333336,1951.9354833333332,2456.671297333333
2012-11-12,19.14633333333333,17.872,839.1938000000001,1010.0955466666667
2012-11-13,18.276916666666672,17.466666666666665,1607.8066000000001,1969.6897146666668
2012-11-14,17.150416666666665,15.104083333333332,2869.2142833333332,3742.4073280000002
2012-11-15,15.713,14.7,192.41215000000003,288.1206226666667
2012-11-16,16.018916666666662,14.7,857.2021500000001,1031.4322319999999
2012-11-17,15.676333333333334,12.858583333333335,2541.8988833333337,3324.7088706666664
2012-11-18,12.412166666666668,9.470699999999999,5.9213367346938774,11.407011863945579
2012-11-19,15.384708333333332,14.101166666666666,264.5501420289855,336.93440672463777
2012-11-20,15.935416666666669,14.761583333333334,899.7225666666667,1078.3211693333335
2012-11-21,16.228333333333335,13.796583333333334,2163.72065,2731.0003906666666
2012-11-22,15.672083333333335,13.046416666666666,2393.051633333334,3107.720274666667
2012-11-23,15.643666666666665,13.944749999999999,1264.2794166666667,1469.5006293333333
2012-11-24,14.367249999999999,12.061833333333333,1975.4823000000004,2530.459470666666
2012-11-25,12.840333333333334,9.870666666666667,2285.48275,3136.631950666667
2012-11-26,12.934000000000001,10.25175,2510.0038833333333,3204.1678813333333
2012-11-27,15.195583333333335,12.245333333333335,2015.0840666666666,3009.5935240000003
2012-11-28,19.240333333333332,18.811833333333333,574.0962166666668,706.6094906666667
2012-11-29,16.711,21.08,0.0,4158.358705333332
2012-11-30,16.711,21.08,3.3240833333333324,2093.361211999998
2012-12-01,10.501916666666666,7.523666666666667,2534.6055499999998,3412.4032000000007
2012-12-02,11.801,10.238416666666668,962.8440666666668,1114.313932
2012-12-03,8.579,6.908166666666666,1472.5215833333332,1795.0338840000002
2012-12-04,11.9445,11.852333333333334,2466.435716666667,3248.5516786666667
2012-12-05,11.084916666666665,8.4185,2492.9430500000003,3253.6401053333334
2012-12-06,8.291000000000002,6.932333333333332,1882.44815,2378.100717333333
2012-12-07,8.952666666666666,11.75925,2488.576516666666,3299.624633333333
2012-12-08,11.532250000000001,10.018333333333334,724.3772166666665,885.7156946666666
2012-12-09,8.180666666666667,6.871416666666667,1710.603033333333,2030.8696786666667
2012-12-10,7.9025,5.537416666666666,2470.3897,3278.8140706666672
2012-12-11,8.352583333333333,7.633583333333334,2634.4952000000008,3449.656874117647
2012-12-12,8.022783333333333,7.362466666666667,2135.273723453997,2798.8965892609353
2012-12-13,7.026999999999999,6.192916666666667,2214.000266666667,2902.223610666667
2012-12-14,11.740083333333335,10.700000000000001,1086.1054901360544,1315.6933755102039
2012-12-15,14.9633,13.797083333333333,748.1385999999999,895.3108533333332
2012-12-16,13.50975,11.245916666666666,1644.3755666666668,2046.848224
2012-12-17,12.921166666666664,10.846833333333334,972.8167666666667,1154.5475333333336
2012-12-18,10.318666666666665,8.360500000000002,1666.8440166666667,2119.1964759999996
2012-12-19,9.088833333333334,7.662749999999999,606.3113666666667,745.3969040000001
2012-12-20,9.042833333333332,6.11125,1978.6399500000002,2630.2080399999995
2012-12-21,9.002733333333333,7.079833333333333,614.4455833333334,706.9893213333334
2012-12-22,8.761666666666667,6.929166666666665,933.1623999999999,1126.012348
2012-12-23,10.697416666666667,11.722333333333331,2387.7503333333334,3140.961728
2012-12-24,10.173666666666666,11.161666666666667,2352.286783333334,3132.236356
2012-12-25,13.501083333333332,12.99025,2260.470616666667,3075.3817973333335
2012-12-26,14.693916666666667,13.391916666666667,840.8057499999999,995.7718373333333
2012-12-27,12.56575,11.10675,2163.1531833333333,2831.217174666667
2012-12-28,9.7,8.0,1122.7333999999998,1958.9664973333327
2012-12-29,9.7,8.0,1192.605,2039.5676868085097
2012-12-30,20.865085722225643,23.043219584249087,3827.8359843526137,5019.833634760245
2012-12-31,20.865085722225643,23.043219584249087,3827.8359843526137,5019.833634760245
2013-01-01,20.865085722225643,23.043219584249087,3827.8359843526137,5019.833634760245
2013-01-02,6.639,2.5546666666666664,25.781266666666667,50.44454533333333
2013-01-03,10.216666666666669,8.883333333333333,2056.9317499999997,2600.0536346666668
2013-01-04,11.709416666666666,10.490833333333335,1508.6387833333333,1937.3328173333332
2013-01-05,11.429583333333333,9.136383333333335,1031.86025,1296.3289306666668
2013-01-06,10.774833333333333,10.076416666666667,2662.3134999999997,3402.6099000000004
2013-01-07,11.410333333333334,9.726166666666666,1976.4395499999996,2550.8208466666665
2013-01-08,6.979500000000001,6.211833333333334,2779.708257575758,3634.6579689696964
2013-01-09,9.327083333333334,9.832999999999998,1388.1358,1680.2517813333336
2013-01-10,11.645416666666666,10.979083333333334,482.9673833333333,583.7543613333335
2013-01-11,11.454616666666665,9.577000000000002,1849.6448666666663,2276.8937266666667
2013-01-12,8.621333333333332,6.781333333333333,2113.9987333333333,2693.9097346666667
2013-01-13,12.972750000000001,14.86,1895.9543499999995,3262.5491586666667
2013-01-14,13.484416666666666,11.993833333333335,1067.5760966666664,1274.2413523555556
2013-01-15,13.728166666666668,12.424583333333334,188.08495,255.1627613333333
2013-01-16,9.914416666666668,8.148416666666668,1739.9404,2198.8063079999997
2013-01-17,11.728333333333335,10.48225,1333.7846499999998,1597.3304
2013-01-18,8.296,6.018999999999999,1957.1809500000004,2417.146104
2013-01-19,10.778416666666665,11.048083333333334,2554.6384166666667,3173.910437333333
2013-01-20,15.253416666666668,14.395333333333333,1755.9453166666665,2134.392468
2013-01-21,14.715,13.806,1374.7146166666666,1643.66154
2013-01-22,11.819916666666666,9.924333333333333,2996.4215666666664,3833.750157333333
2013-01-23,11.153166666666666,9.162416666666667,2655.5584416666666,3453.750383666667
2013-01-24,11.363999999999997,9.625416666666666,2138.270798077868,2522.9454844006386
2013-01-25,8.743333333333332,7.9549166666666675,450.1391666666666,525.6283506666667
2013-01-26,8.699666666666666,7.309916666666666,815.3385833333333,952.1204666666666
2013-01-27,8.746416666666665,7.078666666666667,1911.6978000000001,2336.3991226666662
2013-01-28,10.020916666666668,11.532083333333333,2136.8460999999998,2643.484150666667
2013-01-29,9.442666666666666,7.755833333333333,2226.093283333333,2779.2711520000003
2013-01-30,12.373833333333332,16.104,3167.0381999999995,4074.5848573333337
2013-01-31,20.865085722225643,23.043219584249087,3827.8359843526137,5019.833634760245
2013-02-01,12.537333333333336,11.203666666666669,3362.77715,4280.182369333333
2013-02-02,13.706833333333332,11.530333333333335,2398.561483333333,2929.9662053333336
2013-02-03,12.08725,10.378333333333334,2206.1405666666665,2636.6840440000005
2013-02-04,11.637333333333332,15.687000000000005,3505.4900999999995,4375.861004
2013-02-05,11.373416666666667,14.543999999999999,3576.0071,4551.207990666667
2013-02-06,12.335916666666666,10.952833333333333,1711.6431833333334,2025.5244853333334
2013-02-07,9.269416666666666,6.777583333333333,1507.4485833333333,1759.8490146666666
2013-02-08,8.99175,9.243083333333333,1792.8887833333333,2133.002882666667
2013-02-09,7.8695,7.804916666666667,1130.95735,1281.2111573333334
2013-02-10,6.499333333333333,6.995416666666667,2377.731133333333,2898.4259039999993
2013-02-11,9.53725,10.411999999999999,2954.062633333333,3666.1976093333333
2013-02-12,13.111333333333333,11.280750000000001,527.0738666666666,629.1673959999999
2013-02-13,9.765416666666669,8.574083333333334,2184.2609166666666,2552.7531839999997
2013-02-14,10.585,9.571166666666667,2158.109766666667,2538.528382666667
2013-02-15,9.263416666666666,7.992666666666667,3310.65465,4121.4541026666675
2013-02-16,10.134083333333333,8.334333333333333,1904.3339333333329,2235.2178959999997
2013-02-17,9.466,8.016333333333332,1157.4946333333335,1308.9338759999998
2013-02-18,11.255333333333336,13.260166666666668,2066.6658,2429.094566666667
2013-02-19,8.467033333333333,7.745333333333334,3366.44055,4083.008848
2013-02-20,12.04215,15.181166666666666,3660.8994666666667,4473.4734186666665
2013-02-21,10.5535,10.236166666666668,728.5679787878787,689.4860441212122
2013-02-22,10.483183333333333,9.487583333333333,2412.344766666667,3073.5117453333332
2013-02-23,14.469916666666668,14.729916666666668,3021.789683333333,3900.7852226666673
2013-02-24,14.718166666666669,13.92475,1357.9110833333334,1755.4180346666665
2013-02-25,10.046166666666666,7.901333333333334,2667.8916166666663,3625.702718666667
2013-02-26,8.872166666666669,8.240083333333335,1140.5892666666664,1320.9573613333337
2013-02-27,9.056833333333335,7.478499999999999,2148.7963,2805.8529719999997
2013-02-28,20.865085722225643,23.043219584249087,3827.8359843526137,5019.833634760245
2013-03-01,12.805333333333332,14.243500000000004,3068.405716666667,4097.966537333334
2013-03-02,12.356416666666666,11.741499999999998,1599.4412666666663,1967.9891773333331
2013-03-03,12.114,12.525,3985.0562666666665,5298.145904
2013-03-04,11.028833333333331,13.989,3587.591413321093,4985.302768184415
2013-03-05,13.445333333333336,15.1315,3616.743066666667,4828.699646666667
2013-03-06,13.467833333333333,12.954250000000002,769.3126333333335,949.6095093333333
2013-03-07,13.742833333333333,13.128250000000001,237.19156666666674,339.3528826666667
2013-03-08,15.719833333333334,17.271916666666666,3203.107683333333,4152.623256
2013-03-09,15.999499999999998,17.66658333333333,4334.324466666667,6012.711518666667
2013-03-10,16.799749999999996,19.254083333333334,4343.964916666667,6028.973045333333
2013-03-11,15.211166666666665,16.09208333333333,3303.9362,4543.656513333334
2013-03-12,13.7715,13.801750000000002,3842.79125,5215.825837333333
2013-03-13,14.441266666666666,13.837250000000001,2678.6312333333335,3543.6689880000004
2013-03-14,13.934916666666664,12.973583333333334,1656.0688833333336,2145.580032
2013-03-15,9.888416666666668,11.159833333333333,1834.70195,2172.6915999999997
2013-03-16,6.617249999999999,7.3845833333333335,2089.5009969877915,2585.4087872287682
2013-03-17,10.6235,17.78783333333333,4159.6323,5316.695334666666
2013-03-18,13.14241666666667,12.901166666666665,808.8883,945.522892
2013-03-19,15.760916666666667,17.2385,4422.6203000000005,5756.961893333333
2013-03-20,15.916333333333334,16.580166666666663,4227.904083333333,5511.110928000001
2013-03-21,12.860916666666668,12.404416666666666,2130.2239833333333,2651.842478666667
2013-03-22,13.347666666666669,14.875083333333333,4996.3323666666665,6433.921365333334
2013-03-23,15.376916666666666,24.148083333333332,4939.442783333334,6436.346398666667
2013-03-24,15.739250000000002,16.192583333333335,4533.22835,5804.522509333332
2013-03-25,15.508750000000003,15.386500000000002,2206.452333333333,2786.31246
2013-03-26,14.456333333333333,16.039,2648.9736000000003,3299.113381333333
2013-03-27,14.014499999999998,15.472583333333334,3456.475766666667,4448.889949333334
2013-03-28,15.065333333333335,14.90475,1975.974516666667,2552.608268
2013-03-29,17.134583333333335,18.500999999999998,3148.534216666667,4051.9643573333337
2013-03-30,18.25483333333333,20.32375,2774.5351666666666,3453.924969333333
2013-03-31,20.865085722225643,23.043219584249087,3827.8359843526137,5019.833634760245
2013-04-01,17.183166666666665,19.129166666666663,4868.337033333333,6457.706896000001
2013-04-02,14.640916666666666,14.424,2402.7998201388887,2974.8877179999995
2013-04-03,14.051833333333336,16.426,1514.896855723906,1916.7133563905725
2013-04-04,18.305,33.57566666666667,4458.949933333333,5674.033152
2013-04-05,16.5555,18.114833333333333,4596.729383333334,5889.220707999999
2013-04-06,16.786833333333334,21.014166666666668,5348.907766666666,6995.3304800000005
2013-04-07,12.906666666666666,11.893166666666666,696.8739833333334,818.9059213333334
2013-04-08,13.537,15.350333333333332,4941.270933333334,6182.8373213333325
2013-04-09,17.032833333333333,20.760666666666665,4006.23165,5041.387386666665
2013-04-10,18.070666666666668,23.2395,5558.281733333334,7207.625343999999
2013-04-11,18.364833333333333,20.456166666666668,5120.7980333333335,6749.413102666666
2013-04-12,19.30216666666667,20.936833333333336,5193.885166666666,6688.422033333334
2013-04-13,20.42066666666667,24.0585,5025.867866666667,6563.3399420000005
2013-04-14,19.05033333333333,20.664416666666668,5475.206,7208.2166413333325
2013-04-15,18.9505,20.892916666666668,5832.198566666667,7652.214476000001
2013-04-16,18.592,20.364833333333333,5845.186283333334,7720.007296
2013-04-17,17.359583333333333,20.79415476190476,5590.597083018868,7306.849123345912
2013-04-18,19.30708333333333,22.405291666666663,5619.315986363636,7461.9281984242425
2013-04-19,20.004083333333334,22.442166666666665,5563.522875757576,7361.438533333334
2013-04-20,19.886166666666668,25.570083333333336,5327.079138888888,7078.364638666667
2013-04-21,20.72975,25.19133333333333,4903.04231969697,6438.742428
2013-04-22,17.494416666666666,18.774749999999997,1834.4444925925927,2150.656513481481
2013-04-23,17.304000000000002,18.046916666666668,3646.2770333333333,4530.193110666667
2013-04-24,19.81683333333333,20.626333333333335,5403.516616666667,7021.120170814815
2013-04-25,20.124333333333333,23.789416666666668,5505.489844444444,7252.219999407407
2013-04-26,22.899333333333335,30.800499999999996,5384.3856351851855,7184.14614874074
2013-04-27,20.77375,23.886916666666664,4857.47490701981,6341.472950825151
2013-04-28,24.559583333333336,31.57575,5606.8761300000015,7467.137196594872
2013-04-29,26.30891666666667,35.24616666666667,5540.228918681734,7494.914576796986
2013-04-30,12.4,8.0,0.0,0.0
2013-05-01,26.7855,34.18616666666667,5272.009090740741,7189.947864592593
2013-05-02,25.265083333333333,29.736333333333334,4051.5194870370365,5367.849666074074
2013-05-03,20.00891666666667,21.02258333333333,2826.2277380952387,3572.3734193227515
2013-05-04,24.924166666666665,30.769499999999997,3802.6880145390064,7106.308982780142
2013-05-05,25.41866666666667,30.30775,4442.21724822695,6008.65970967376
2013-05-06,27.084999999999997,33.82633333333334,5214.206518050066,7140.727901523056
2013-05-07,23.727833333333333,29.061999999999998,5223.585537796397,7189.474594103968
2013-05-08,23.161749999999998,28.132749999999998,5525.268999659864,7595.726789496598
2013-05-09,21.909666666666666,22.948083333333333,4507.107812244899,6213.288733523809
2013-05-10,24.02075,30.515833333333333,5508.732040816327,7692.228572952381
2013-05-11,22.540916666666664,23.788249999999998,3149.7764899999997,4299.243893333333
2013-05-12,21.731833333333334,23.57691666666667,4067.526910204081,5498.495843863946
2013-05-13,21.349750000000004,25.15083333333333,5135.639076666667,7014.610498133334
2013-05-14,21.487083333333334,25.252499999999998,5912.330689455782,8117.936903945578
2013-05-15,22.9465,29.207333333333338,5109.200736666667,7023.898713333334
2013-05-16,20.776375,21.22358333333333,1788.5317957247476,2270.055541159108
2013-05-17,26.235666666666667,34.96691666666666,4662.621452201258,6881.839571018867
2013-05-18,25.567166666666665,32.52066666666667,4905.472946540881,7311.321306440252
2013-05-19,26.15166666666667,31.261333333333333,4614.341900628931,6811.60791227673
2013-05-20,23.460416666666667,28.9655,5138.979747484276,7681.217130037735
2013-05-21,26.382916666666667,31.17941666666667,4889.001349056603,7305.043467849056
2013-05-22,24.366333333333333,24.775,3132.9056440251566,4568.402657836478
2013-05-23,21.784916666666668,27.315416666666664,4837.739479874213,6582.0595287547185
2013-05-24,23.00808333333333,32.28966666666667,5603.400058490567,7858.706035396226
2013-05-25,23.706583333333334,30.40733333333333,5070.457042592593,7183.475905185185
2013-05-26,21.638333333333332,30.013583333333337,4724.7833836477985,6791.4790597735855
2013-05-27,21.53216666666667,31.970999999999997,5807.985951851852,8339.172832296297
2013-05-28,20.886333333333333,22.779416666666663,3167.6260814814814,4227.930252444444
2013-05-29,25.838,32.0325,4504.052231481482,6475.892562074075
2013-05-30,23.858916666666666,30.50425,5296.844551851852,7028.34062237037
2013-05-31,20.865085722225643,23.043219584249087,3827.8359843526137,5019.833634760245
2013-06-01,23.701083335,32.036,6328.810511111112,7964.577609037036
2013-06-02,20.499000000000002,20.78933333333333,5443.253924074074,6738.508076740742
2013-06-03,15.77525,16.201083333333333,4251.951065140415,5266.092396669109
2013-06-04,18.90077778,23.2635,3218.1961166666665,3745.5556404025156
2013-06-05,23.2805,31.3035,5034.399972727272,6154.012159151515
2013-06-06,24.35633333,33.87283333333334,5010.625945454545,6193.730342545455
2013-06-07,23.9975,27.526,6352.675533333333,7985.315149939395
2013-06-08,24.63633333,29.066666666666663,6613.3505696969705,8344.447865575758
2013-06-09,27.245,37.1335,6268.716121212121,8071.502451515152
2013-06-10,26.66533333,29.675,4450.681850000001,5502.305060666667
2013-06-11,24.86233333,28.96833333333333,5969.810534848486,7449.953839272727
2013-06-12,23.84883333,24.77066666666667,5157.675947619046,6458.138048666666
2013-06-13,25.134,27.272166666666667,6365.0632749999995,7996.584616285714
2013-06-14,26.37466667,30.35783333333333,6427.619888095237,8193.868530666667
2013-06-15,28.64133333,36.095666666666666,6324.51063030303,8146.628169454546
2013-06-16,29.59866667,36.16816666666667,6315.312001515152,8155.771712242425
2013-06-17,29.419,35.387166666666666,6254.750471212122,8080.545769212122
2013-06-18,30.15716667,34.5605,6069.228909090909,7887.310862729907
2013-06-19,31.36766667,36.533166666666666,6057.346540909091,8078.138086787878
2013-06-20,33.461583335,38.72833333333333,6109.523899623351,7982.97265568574
2013-06-21,34.134666665,40.33916666666667,6296.439168518518,8204.406171862069
2013-06-22,32.800416670000004,37.275499999999994,6144.751982704402,7967.349338943397
2013-06-23,31.124166665,33.85616666666667,4263.172762962963,5309.313908296296
2013-06-24,30.115833334999998,37.30829166666666,6311.828114219139,8241.27838483343
2013-06-25,26.50825,31.028333333333332,5560.880433333334,7237.058166041742
2013-06-26,26.761916665,31.040666666666667,6043.392973333333,7730.19381585641
2013-06-27,26.472083335,28.4045,5609.827861564627,7244.938454114076
2013-06-28,26.5875,32.638333333333335,6078.51419,7855.3191672
2013-06-29,22.365333335,23.32008333333333,3614.84573,4396.133756266667
2013-06-30,20.865085722225643,23.043219584249087,3827.8359843526137,5019.833634760245
2013-07-01,26.674083333333336,30.994583333333335,6415.916923333333,8168.159744533333
2013-07-02,27.912416666666665,33.56066666666666,6469.851676666666,8295.102854502564
2013-07-03,28.689,35.39775,6442.635653333334,8326.614335733335
2013-07-04,27.652583333333332,32.611916666666666,5457.089086666666,6974.8108952
2013-07-05,28.62233333333333,32.83975,6254.638123333333,7969.879201600001
2013-07-06,29.084083333333332,33.698166666666665,6316.2779666666665,8063.411181866666
2013-07-07,29.433833333333332,33.104083333333335,6261.575322448979,8029.260458243852
2013-07-08,29.517,29.677666666666667,5524.03356,7126.259417066666
2013-07-09,29.72679166666667,33.735083333333336,6169.6186733333325,7933.139934157575
2013-07-10,29.45975,34.203,6180.910100851377,8011.447114842569
2013-07-11,29.86258333333333,37.20591666666667,5527.0729632653065,7124.302226987549
2013-07-12,29.214166666666664,32.0625,4700.592072789116,5954.8295512606865
2013-07-13,29.713833333333334,33.93,6074.431810544217,7845.547914004877
2013-07-14,28.454,29.740583333333333,5116.199184693877,6557.893639401362
2013-07-15,28.543916666666668,31.992166666666662,5630.993086734694,7369.26656204749
2013-07-16,28.873416666666664,31.774583333333336,6135.669050000001,7891.375786312925
2013-07-17,26.95275,31.353416666666664,6319.684205102041,8078.113399410089
2013-07-18,29.52316666666667,35.569500000000005,6189.307360204082,8019.114181496598
2013-07-19,30.999916666666664,35.227000000000004,5951.8586375,7751.452291999999
2013-07-20,29.211916666666667,34.31616666666667,5991.6111,7673.954005666667
2013-07-21,30.03516666666666,33.52616666666667,5738.142825000001,7373.187673264151
2013-07-22,29.594583333333336,33.412499999999994,5758.551270833334,7497.753195289309
2013-07-23,29.664416666666668,33.9,6022.023436394557,7845.874092707482
2013-07-24,32.06033333333333,37.2635,6079.792174999999,8080.278043
2013-07-25,31.537875,36.852999999999994,5908.22422357251,7850.00257094233
2013-07-26,31.576083333333337,36.01641666666667,5936.665654166667,7807.51940223077
2013-07-27,31.80283333333334,36.28175,5758.912180612245,7597.614833519624
2013-07-28,27.076083333333333,30.374000000000002,1596.326043589744,2125.142034924124
2013-07-29,36.6265,45.77700000000001,5555.064836862746,7468.629357552941
2013-07-30,32.18416666666667,34.729416666666665,5774.697294444444,7605.461418666667
2013-07-31,20.865085722225643,23.043219584249087,3827.8359843526137,5019.833634760245
2013-08-01,31.23375,34.503,5629.757094444445,7423.5932795555555
2013-08-02,31.34625,35.05533333333334,5579.232516666666,7395.757395174603
2013-08-03,32.14608333333334,36.0725,5687.979655797101,7553.064712463769
2013-08-04,31.90525,35.865916666666664,5597.562726811594,7518.645142782609
2013-08-05,32.467166666666664,35.878083333333336,5389.904455555556,7218.755990349206
2013-08-06,32.96158333333333,37.86883333333333,5453.554973188405,7382.461767022774
2013-08-07,33.903000000000006,39.79091666666666,5395.38785362319,7353.168247726708
2013-08-08,34.79658333333333,42.052416666666666,5264.4678,7191.396089301587
2013-08-09,35.851749999999996,42.25075,5241.270305555556,7106.230937777777
2013-08-10,26.611499999999996,27.82275,2571.2921239130433,3143.963807805383
2013-08-11,29.646333333333335,31.887999999999998,5405.015296376811,7115.657597846791
2013-08-12,29.741833333333332,32.66858333333334,5439.374180434783,7264.768503014492
2013-08-13,31.64483333333333,35.503416666666666,5378.1168152173905,7332.453835652173
2013-08-14,31.993166666666667,36.98458333333333,5279.402877777778,7181.464664444446
2013-08-15,27.41725,27.698,3739.0267485507243,4967.635232
2013-08-16,28.8865,30.963416666666667,5052.56445,6757.411678222222
2013-08-17,29.375666666666664,31.6435,5350.206522222223,7196.914535809525
2013-08-18,30.516333333333336,33.47566666666667,5367.9579,7353.240882666667
2013-08-19,30.952249999999996,33.90558333333333,5241.955816666667,7198.501942666665
2013-08-20,31.132749999999998,34.1915,4836.516066666667,6651.0606537777785
2013-08-21,27.984333333333336,29.992333333333335,3882.212983333334,5259.047506666667
2013-08-22,29.055666666666667,31.488333333333337,3009.4018166666665,5710.436794848862
2013-08-23,27.87591666666666,30.1445,4889.5647461240305,6676.1913124685625
2013-08-24,29.886333333333333,36.08266666666666,4766.6196666666665,6560.761460000001
2013-08-25,29.578833333333336,33.856500000000004,4385.817283333334,6116.070229333333
2013-08-26,30.810833333333335,35.435583333333334,4803.711404255319,6678.152155999999
2013-08-27,30.494833333333332,31.71558333333333,4272.442383333333,5810.197228
2013-08-28,28.753666666666668,31.573833333333333,4397.200233333333,6023.410061333333
2013-08-29,26.629416666666664,28.757583333333336,4316.764116666666,5776.8135960819545
2013-08-30,27.53841666666667,31.879166666666666,4407.957266666666,5899.031194666666
2013-08-31,20.865085722225643,23.043219584249087,3827.8359843526137,5019.833634760245
2013-09-01,26.584249999999997,30.198416666666674,3571.7897833333336,4639.739635716312
2013-09-02,27.039500000000004,29.7952,4301.257846560846,5742.589602941799
2013-09-03,26.108583333333332,27.82058333333334,3945.50845625,5514.494941
2013-09-04,26.898333333333333,29.513333333333332,5064.5537,6945.513445333333
2013-09-05,26.47358333333333,29.25266666666667,4274.874150000001,6178.480457435899
2013-09-06,26.477083333333333,29.809083333333334,2728.5758166666665,3812.9655399999997
2013-09-07,26.208750000000002,28.292,4794.257083333334,6922.592550666666
2013-09-08,26.973916666666668,28.402833333333334,4750.251166666666,6833.088090133334
2013-09-09,28.67866666666667,29.883750000000006,3887.714983333333,5363.516283999999
2013-09-10,28.690416666666664,30.301250000000003,4291.952572740005,5788.369676650509
2013-09-11,28.480666666666664,31.141916666666667,4795.837466666667,6300.814584410257
2013-09-12,23.293,23.163,2547.082028205128,3153.7483427964416
2013-09-13,22.423916666666663,23.293999999999997,2326.7339144444445,2890.7203257855076
2013-09-14,23.513916666666667,25.855999999999998,4236.221150000001,5473.315933333333
2013-09-15,24.969499999999996,27.756916666666665,4838.73495,6267.904259999999
2013-09-16,24.164749999999998,26.279249999999998,3630.12445,4588.475451030303
2013-09-17,25.290533333333336,27.105016666666664,3739.335351073501,4712.582013588811
2013-09-18,21.758166666666668,22.75208333333333,3836.427111111111,4740.938098730158
2013-09-19,22.801666666666662,21.300166666666662,3859.9721833333338,4860.588188952381
2013-09-20,24.581333333333333,32.9825,4005.2532653846147,5146.599356717949
2013-09-21,23.574333333333335,26.9,5058.371653543743,6537.0540363189375
2013-09-22,22.027,22.553916666666666,5088.3898,6482.341649333333
2013-09-23,22.06275,23.596749999999997,4345.379683333333,5636.2579189659855
2013-09-24,24.875,30.5985,4408.184172009569,5731.460284995215
2013-09-25,26.769166666666667,34.63883333333333,4674.117476666665,6067.36501117193
2013-09-26,26.817083333333336,34.99825,4598.438866151913,5972.963874764225
2013-09-27,24.115166666666667,26.23516666666666,4531.332475340457,5884.789995801381
2013-09-28,24.89308333333333,24.923666666666662,3031.6741,4023.312761333333
2013-09-29,24.95191666666667,25.243166666666667,2975.7201833333334,3632.296601333333
2013-09-30,20.865085722225643,23.043219584249087,3827.8359843526137,5019.833634760245
2013-10-01,21.127499999999998,21.006999999999998,4054.4724833333335,5148.891463666666
2013-10-02,19.839916666666667,20.055833333333332,4062.5216333333333,5296.955882666666
2013-10-03,18.463166666666666,19.211166666666667,3691.4686166666665,4774.194569333334
2013-10-04,17.082500000000003,16.700583333333334,4325.855466666667,5569.173006999999
2013-10-05,19.446083333333327,19.23833333333333,3502.997733333333,4479.739360377359
2013-10-06,19.527516666666664,19.178250000000002,1372.5461666666667,1637.1242618364781
2013-10-07,18.726916666666668,17.72458333333333,462.5747,580.5885253333333
2013-10-08,20.730416666666667,20.304583333333333,1642.0260166666667,1906.2293213333332
2013-10-09,21.803583333333332,22.765583333333336,4193.33955,5382.3817186666665
2013-10-10,21.773666666666667,22.00733333333333,3994.256228571428,5136.492846367348
2013-10-11,23.878833333333333,23.81533333333333,3282.677185365853,4205.268244548328
2013-10-12,24.05358333333333,23.2845,2976.255266666667,3840.1727551111107
2013-10-13,24.30225,24.36958333333334,2687.643034268707,3427.4750646700677
2013-10-14,22.4545,22.274166666666666,2538.9226999999996,3236.2529400000003
2013-10-15,22.531,21.99208333333333,2358.9000500000006,2871.362470666667
2013-10-16,19.16108333333333,17.295916666666667,2656.801766666667,3407.017745333334
2013-10-17,17.857999999999997,17.555083333333336,4173.7955833333335,5379.866350181818
2013-10-18,18.351666666666667,16.828666666666667,4104.559666666667,5353.067839826087
2013-10-19,21.3,32.30599999999999,7245.986866666666,9090.371397275367
2013-10-20,21.3,32.30599999999999,5835.200150000001,7371.867952000002
2013-10-21,20.744999999999997,20.022750000000002,3408.235408446456,4405.420029429078
2013-10-22,19.602416666666663,18.88041666666667,2982.8412166666667,3893.0459424000005
2013-10-23,19.085499999999996,18.751333333333335,3439.0547500000007,4446.644461333333
2013-10-24,19.4835,17.323916666666666,3317.472116666667,4476.941522666666
2013-10-25,18.776416666666666,17.915533333333336,3060.4687833333337,3950.1136594509803
2013-10-26,18.009999999999998,16.285116666666667,3471.442224760117,4553.654164463913
2013-10-27,18.362916666666667,16.77825,2509.483216666667,3235.446439277885
2013-10-28,17.21175,16.228,3286.5191333333337,4291.822329702127
2013-10-29,18.394416666666668,17.610916666666665,2535.9027166666665,3377.631091035461
2013-10-30,20.20483333333333,23.3,2766.231966666667,3704.1395855035457
2013-10-31,20.865085722225643,23.043219584249087,3827.8359843526137,5019.833634760245
2013-11-01,17.169916666666666,15.510416666666664,2545.543583333333,3316.192748239559
2013-11-02,18.031666666666666,16.793166666666664,2447.771266666667,3348.849146256895
2013-11-03,19.923666666666666,24.070666666666668,3277.744866666667,4387.838516444444
2013-11-04,19.298583333333333,18.036583333333333,3057.455533333333,4098.038245490196
2013-11-05,18.516999999999996,16.642333333333333,668.5281500000001,827.2355267692308
2013-11-06,17.171666666666667,15.5975,2264.7455333333332,2890.9216466666667
2013-11-07,16.83866666666667,14.414583333333335,3309.9000333333333,4401.036977333332
2013-11-08,16.221416666666666,14.553833333333332,2988.9041833333335,3945.4016223673466
2013-11-09,17.890833333333333,15.348833333333332,2345.93455,3382.7357340952367
2013-11-10,17.946666666666665,16.552833333333332,1059.3446666666666,1290.9286306666668
2013-11-11,16.73191666666667,15.212416666666666,1043.754916666667,1322.2975493333333
2013-11-12,15.557083333333335,14.243333333333332,217.26341666666667,315.07074419047615
2013-11-13,16.114333333333335,14.728666666666665,869.94905,1030.3115293333333
2013-11-14,16.671750000000003,15.203583333333334,1361.0657,1678.8609993333334
2013-11-15,14.362833333333334,11.043083333333332,2688.834967819707,3606.0570926899177
2013-11-16,16.130333333333333,15.029666666666666,718.1617500000001,868.3142306666666
2013-11-17,16.54765,16.00925,1383.0195579310343,1676.9794357057474
2013-11-18,11.714083333333333,12.48525,1634.350328571429,2168.381220190476
2013-11-19,16.38491666666667,13.768166666666666,395.5292426829267,520.5116125382971
2013-11-20,16.69741666666667,14.180833333333332,2260.7845166666666,2910.870019035461
2013-11-21,13.265749999999999,9.6715,2156.7352166666665,2939.839615148936
2013-11-22,14.7105,12.702666666666667,2380.3362333333334,3143.7832072561073
2013-11-23,14.02675,12.077666666666666,2279.7112166666666,3021.630341191489
2013-11-24,8.190933333333334,5.0013499999999995,879.2237000000001,1053.6595773333333
2013-11-25,11.168833333333334,8.1095,2229.89455,2944.7813226666667
2013-11-26,6.810416666666667,4.750666666666667,1318.3160333333333,1675.8916359999998
2013-11-27,8.884,8.532916666666667,2106.5929333333333,2800.230809106383
2013-11-28,10.209499999999998,9.07725,2499.8196666666663,3322.7129493282923
2013-11-29,9.646416666666667,6.761916666666667,1591.6751833333335,2102.491804820513
2013-11-30,20.865085722225643,23.043219584249087,3827.8359843526137,5019.833634760245
2013-12-01,16.59258333333333,15.145833333333332,1313.3156333333338,1653.9400373333333
2013-12-02,14.887166666666666,13.2605,1086.0153833333334,1343.1108408510636
2013-12-03,14.158666666666665,12.969583333333333,597.5208999999999,750.5319880000001
2013-12-04,10.895583333333333,7.846416666666666,2448.890766666667,3363.5649166666667
2013-12-05,10.703,8.833666666666668,2079.7409000000002,2779.3667226666666
2013-12-06,12.1835,8.720833333333333,2069.113666666667,2979.0644346666672
2013-12-07,11.077000000000002,10.341249999999999,2160.6083666666664,2868.9990399999997
2013-12-08,11.455083333333334,15.285749999999997,2563.80745,3544.310198666667
2013-12-09,12.453833333333332,12.228833333333334,1669.24865,2162.7285453333334
2013-12-10,13.236416666666667,11.743500000000001,469.3247333333333,2501.3480519999994
2013-12-11,10.019583333333333,6.131999999999999,2317.6616166666668,3597.996994666667
2013-12-12,12.313500000000001,11.347333333333335,1861.9863166666669,2596.310270666667
2013-12-13,9.913499999999999,6.645166666666666,1843.71325,2550.787950666667
2013-12-14,10.861166666666668,11.978833333333334,2268.78175,3159.3656666666666
2013-12-15,10.372666666666666,8.944916666666668,1874.0884666666666,2500.0789733333336
2013-12-16,10.639,8.640500000000003,1905.0653166666666,2655.695122666667
2013-12-17,12.848833333333332,12.185,2420.6867500000003,3414.1423746666665
2013-12-18,13.069333333333333,13.150333333333334,2392.2364,3380.9545453333335
2013-12-19,12.392416666666666,18.487,2382.220783333333,3370.2347480000003
2013-12-20,12.375333333333334,11.520250000000003,1959.3623833333334,2792.622492
2013-12-21,10.322583333333334,9.1855,2269.863933333333,3248.976273333333
2013-12-22,9.835083333333333,8.927416666666666,1867.3124999999995,2519.6004893333334
2013-12-23,7.7274166666666675,5.068499999999999,2242.36185,3000.048264
2013-12-24,10.843500000000002,9.704083333333333,676.6244055555555,796.5772707632851
2013-12-25,13.203083333333332,10.382666666666669,921.4777833333336,1174.1845133333331
2013-12-26,14.520499999999998,12.752333333333333,483.16101666666657,595.6481733333335
2013-12-27,9.4815,5.622333333333334,1768.2959833333334,2272.760325333333
2013-12-28,11.39675,8.027166666666666,1522.7884,2057.175593333333
2013-12-29,11.042666666666666,11.045499999999999,2418.285166666667,3357.4084693333334
2013-12-30,11.389916666666668,9.586416666666665,1777.2094833333333,2272.397108
